,precision,recall,f1-score,support
Apple___Apple_scab,0.8778625954198473,0.9126984126984127,0.8949416342412452,126.0
Apple___Black_rot,0.9185185185185185,0.992,0.9538461538461539,125.0
Apple___Cedar_apple_rust,0.9166666666666666,1.0,0.9565217391304348,55.0
Apple___healthy,0.933933933933934,0.9452887537993921,0.9395770392749244,329.0
Blueberry___healthy,0.9769736842105263,0.99,0.9834437086092715,300.0
Cherry_(including_sour)___Powdery_mildew,1.0,0.9285714285714286,0.9629629629629629,210.0
Cherry_(including_sour)___healthy,0.9939759036144579,0.9705882352941176,0.9821428571428571,170.0
Corn_(maize)___Cercospora_leaf_spot Gray_leaf_spot,0.7795275590551181,0.9611650485436893,0.8608695652173913,103.0
Corn_(maize)___Common_rust_,0.9873949579831933,0.9832635983263598,0.9853249475890985,239.0
Corn_(maize)___Northern_Leaf_Blight,0.9770114942528736,0.8629441624365483,0.9164420485175202,197.0
Corn_(maize)___healthy,1.0,0.9914163090128756,0.9956896551724138,233.0
Grape___Black_rot,0.981042654028436,0.8771186440677966,0.9261744966442953,236.0
Grape___Esca_(Black_Measles),0.9069767441860465,0.9891304347826086,0.9462738301559792,276.0
Grape___Leaf_blight_(Isariopsis_Leaf_Spot),1.0,1.0,1.0,215.0
Grape___healthy,0.9759036144578314,0.9642857142857143,0.9700598802395209,84.0
Orange___Haunglongbing_(Citrus_greening),0.9927667269439421,0.9963702359346642,0.9945652173913043,1102.0
Peach___Bacterial_spot,0.9976580796252927,0.9281045751633987,0.9616252821670429,459.0
Peach___healthy,0.85,0.9444444444444444,0.8947368421052632,72.0
"Pepper,_bell___Bacterial_spot",0.9174757281553398,0.945,0.9310344827586207,200.0
"Pepper,_bell___healthy",0.9285714285714286,0.9694915254237289,0.9485903814262023,295.0
Potato___Early_blight,1.0,0.935,0.9664082687338501,200.0
Potato___Late_blight,0.8666666666666667,0.91,0.8878048780487805,200.0
Potato___healthy,0.7368421052631579,0.9032258064516129,0.8115942028985508,31.0
Raspberry___healthy,0.9864864864864865,0.9864864864864865,0.9864864864864865,74.0
Soybean___healthy,0.9492957746478873,0.9931237721021611,0.970715314450312,1018.0
Squash___Powdery_mildew,0.9918256130790191,0.9918256130790191,0.9918256130790191,367.0
Strawberry___Leaf_scorch,1.0,0.990990990990991,0.995475113122172,222.0
Strawberry___healthy,0.91,0.9891304347826086,0.9479166666666666,92.0
Tomato___Bacterial_spot,0.8208955223880597,0.9058823529411765,0.8612975391498882,425.0
Tomato___Early_blight,0.8504672897196262,0.455,0.5928338762214984,200.0
Tomato___Late_blight,0.9203539823008849,0.8167539267015707,0.8654646324549237,382.0
Tomato___Leaf_Mold,0.8212290502793296,0.7696335078534031,0.7945945945945946,191.0
Tomato___Septoria_leaf_spot,0.9218106995884774,0.632768361581921,0.7504187604690117,354.0
Tomato___Spider_mites Two-spotted_spider_mite,0.7484472049689441,0.7194029850746269,0.7336377473363774,335.0
Tomato___Target_Spot,0.5221445221445221,0.797153024911032,0.6309859154929578,281.0
Tomato___Tomato_Yellow_Leaf_Curl_Virus,0.9989594172736732,0.896358543417367,0.9448818897637795,1071.0
Tomato___Tomato_mosaic_virus,0.6206896551724138,0.972972972972973,0.7578947368421053,74.0
Tomato___healthy,0.7722772277227723,0.9811320754716981,0.8642659279778393,318.0
accuracy,0.9174109198048062,0.9174109198048062,0.9174109198048062,0.9174109198048062
macro avg,0.9039645133506677,0.9157558520422061,0.9041927602205609,10861.0
weighted avg,0.9266353376709828,0.9174109198048062,0.917662544455083,10861.0
